{
  "Parameters" : {
    "appName" : {
      "Type" : "String"
    }
  },
  "Resources": {
    "cognitoPool": {
      "Type" : "AWS::Cognito::UserPool",
      "Properties" : {
        "AccountRecoverySetting": {
          "RecoveryMechanisms": [
            {
              "Priority": 1,
              "Name": "verified_email"
            },
            {
              "Priority": 2,
              "Name": "verified_phone_number"
            }
          ]
        },
        "AdminCreateUserConfig": {
          "AllowAdminCreateUserOnly": false,
          "UnusedAccountValidityDays": 7,
          "InviteMessageTemplate": {
            "SMSMessage": "Your username is {username} and temporary password is {####}. ",
            "EmailMessage": "Your username is {username} and temporary password is {####}. ",
            "EmailSubject": "Your temporary password"
          }
        },
        "AutoVerifiedAttributes" : ["email"],
        "Policies" : {
          "PasswordPolicy": {
            "MinimumLength": 8,
            "RequireUppercase": false,
            "RequireLowercase": false,
            "RequireNumbers": false,
            "RequireSymbols": false
          }
        },
        "SmsVerificationMessage": "Your verification code is {####}. ",
        "EmailVerificationMessage": "Your verification code is {####}. ",
        "EmailVerificationSubject": "Your verification code",
        "VerificationMessageTemplate": {
          "SmsMessage": "Your verification code is {####}. ",
          "EmailMessage": "Your verification code is {####}. ",
          "EmailSubject": "Your verification code",
          "DefaultEmailOption": "CONFIRM_WITH_CODE"
        },
        "SmsAuthenticationMessage": "Your authentication code is {####}. ",
        "MfaConfiguration": "OFF",
        "EmailConfiguration": {
          "EmailSendingAccount": "COGNITO_DEFAULT"
        },
        "Schema" : [
          {
            "Name": "sub",
            "AttributeDataType": "String",
            "DeveloperOnlyAttribute": false,
            "Mutable": false,
            "Required": true,
            "StringAttributeConstraints": {
              "MinLength": "1",
              "MaxLength": "2048"
            }
          },
          {
            "Name": "given_name",
            "AttributeDataType": "String",
            "DeveloperOnlyAttribute": false,
            "Mutable": true,
            "Required": false,
            "StringAttributeConstraints": {
              "MinLength": "0",
              "MaxLength": "2048"
            }
          },
          {
            "Name": "family_name",
            "AttributeDataType": "String",
            "DeveloperOnlyAttribute": false,
            "Mutable": true,
            "Required": false,
            "StringAttributeConstraints": {
              "MinLength": "0",
              "MaxLength": "2048"
            }
          },
          {
            "Name": "email",
            "AttributeDataType": "String",
            "DeveloperOnlyAttribute": false,
            "Mutable": true,
            "Required": false,
            "StringAttributeConstraints": {
              "MinLength": "0",
              "MaxLength": "2048"
            }
          },
          {
            "Name": "phone_number",
            "AttributeDataType": "String",
            "DeveloperOnlyAttribute": false,
            "Mutable": true,
            "Required": false,
            "StringAttributeConstraints": {
              "MinLength": "0",
              "MaxLength": "2048"
            }
          },
          {
            "Name": "updated_at",
            "AttributeDataType": "Number",
            "DeveloperOnlyAttribute": false,
            "Mutable": true,
            "Required": false,
            "NumberAttributeConstraints": {
              "MinValue": "0"
            }
          }
        ],
        "UsernameAttributes" : ["email"],
        "UsernameConfiguration": {
          "CaseSensitive": false
        },
        "UserPoolName" : { "Ref" : "appName" }
      }
    },
    "UserPoolClient": {
      "Type": "AWS::Cognito::UserPoolClient",
      "Properties": {
        "ClientName": { "Ref" : "appName" },
        "GenerateSecret": true,
        "UserPoolId": { "Ref" : "cognitoPool" },
        "ExplicitAuthFlows": [
          "ALLOW_ADMIN_USER_PASSWORD_AUTH",
          "ALLOW_USER_PASSWORD_AUTH",
          "ALLOW_CUSTOM_AUTH",
          "ALLOW_USER_SRP_AUTH",
          "ALLOW_REFRESH_TOKEN_AUTH"
        ],
        "PreventUserExistenceErrors": "ENABLED"
      }
    }
  },
  "Outputs" : {
    "CognitoPoolId" : {
      "Description": "The cognito pool",
      "Value" : { "Ref" : "cognitoPool" }
    },
    "CognitoClientId" : {
      "Description": "The cognito client",
      "Value" : { "Ref" : "UserPoolClient" }
    },
    "CognitoClientSecret" : {
      "Description": "The cognito secret",
      "Value" : { "Fn::GetAtt" : [ "UserPoolClient", "ClientSecret" ] }
    }
  }
}
