{
  "Parameters": {
    "appName": {
      "Type": "String"
    },
    "clusterSubnetIds" : {
      "Type" : "CommaDelimitedList"
    },
    "clusterSecurityGroups" : {
      "Type" : "CommaDelimitedList"
    }
  },
  "Resources": {
    "MyDBSubnetGroup" : {
      "Type" : "AWS::RDS::DBSubnetGroup",
      "Properties" : {
        "DBSubnetGroupDescription" : "Subnets available for the RDS DB Instance",
        "SubnetIds" : { "Ref" : "clusterSubnetIds" }
      }
    },
    "PostgresDB": {
      "Type": "AWS::RDS::DBInstance",
      "Properties": {
        "AllocatedStorage": "5",
        "DBInstanceClass": "db.t2.small",
        "DBName": "postgresdb",
        "DBInstanceIdentifier": "postgresdb",
        "Engine": "postgres",
        "MasterUsername": "scoeuser",
        "MasterUserPassword": "1234abcd",
        "PubliclyAccessible": true,
        "MultiAZ": true,
        "DBSubnetGroupName" : { "Ref" : "MyDBSubnetGroup" },
        "VPCSecurityGroups": { "Ref" : "clusterSecurityGroups" }
      },
      "DeletionPolicy": "Snapshot"
    }
  },
  "Outputs" : {
    "DBEndpoint" : {
      "Description" : "The connection endpoint for the database",
      "Value" : {
        "Fn::GetAtt" : ["PostgresDB", "Endpoint.Address"]
      }
    }
  }
}