{
  "Description": "stack descripton.....",
  "Parameters": {
    "AMI": {
      "Default": "ami-09e67e426f25ce0d7",
      "Description": "The Amazon Ubuntu AMI",
      "Type": "String"
    },
    "EBSVolumeSize": {
      "Default": "20",
      "Description": "The size of the EBS volume",
      "Type": "String"
    },
    "InstanceName": {
      "Default": "My instance name",
      "Description": "EC2 Instance Name",
      "Type": "String"
    },
    "IsInstanceMockDevice": {
      "Default": "Yes",
      "Description": "Defines that the created EC2 is for Edge device mocking",
      "Type": "String"
    },
    "InstanceType": {
      "AllowedValues": [
        "t2.micro",
        "t2.small",
        "t2.medium",
        "t2.large",
        "t3.medium",
        "c4.large",
        "c4.xlarge",
        "c4.2xlarge",
        "c4.4xlarge",
        "c4.8xlarge"
      ],
      "ConstraintDescription": "must be a valid EC2 instance type",
      "Default": "t3.medium",
      "Description": "EC2 instance type",
      "Type": "String"
    },
    "KeyName": {
      "ConstraintDescription": "Must be the name of an existing EC2 KeyPair.",
      "Description": "Name of an existing EC2 KeyPair to enable SSH access to NAT instances.",
      "Type": "AWS::EC2::KeyPair::KeyName",
      "Default": "gil-greengrass"
    },
    "Subnet": {
      "ConstraintDescription": "Must be a valid Subnet.",
      "Description": "The subnet to place the instance in...",
      "Type": "AWS::EC2::Subnet::Id",
      "Default": "subnet-07853ec39287024b1"
    },
    "VPC": {
      "ConstraintDescription": "Must be a valid VPC.",
      "Description": "The VPC to deploy to...",
      "Type": "AWS::EC2::VPC::Id",
      "Default": "vpc-0dfbaeae7b359f93e"
    }
  },
  "Resources": {
    "Instance": {
      "Metadata": {
        "AWS::CloudFormation::Init": {
          "config": {
            "packages": {
              "apt": {
                "awscli": [],
                "ruby": [],
                "unzip": []
              }
            },
            "files": {
              "/tmp/sample.conf": {
                "content": {
                  "Fn::Join": [
                    "",
                    [
                      "write a sample file to OS and give permissions....   \n"
                    ]
                  ]
                },
                "mode": "000644",
                "owner": "root",
                "group": "root"
              }

            },
            "commands": {
              "01update_pkgs": {
                "command": "apt-get update && apt-get upgrade -y"
              },
              "02next_command": {
                "command": "echo the numbering here has to be in order... 01, 02, 03 and so on... last item is not comma'd"
              }
            }
          }
        }
      },
      "Properties": {
        "BlockDeviceMappings": [
          {
            "DeviceName": "/dev/sda1",
            "Ebs": {
              "VolumeSize": {
                "Ref": "EBSVolumeSize"
              }
            }
          }
        ],
        "ImageId": {
          "Ref": "AMI"
        },
        "InstanceType": {
          "Ref": "InstanceType"
        },
        "KeyName": {
          "Ref": "KeyName"
        },
        "SecurityGroupIds": ["sg-045ec4ed261086071", "sg-0e66b236bfca1d393"],
        "SubnetId": "subnet-07853ec39287024b1",
        "Tags": [
          {
            "Key": "Name",
            "Value": {
              "Ref": "InstanceName"
            }
          },
          {
            "Key": "IsInstanceMockDevice",
            "Value": {
              "Ref": "IsInstanceMockDevice"
            }
          },
          {
            "Key": "EnrollmentState",
            "Value": "NotEnrolled"
          }
        ],
        "UserData": {
          "Fn::Base64": {
            "Fn::Join": [
              "",
              [
                "#!/bin/bash -xe\n",
                "apt-get install -y python-setuptools\n",
                "mkdir -p /opt/aws/bin\n",
                "wget https://s3.amazonaws.com/cloudformation-examples/aws-cfn-bootstrap-latest.tar.gz\n",
                "easy_install --script-dir /opt/aws/bin aws-cfn-bootstrap-latest.tar.gz\n",
                " apt-get update\n",
                "/opt/aws/bin/cfn-init --region ",
                {
                  "Ref": "AWS::Region"
                },
                " -s ",
                {
                  "Ref": "AWS::StackName"
                },
                " -r Instance\n"
              ]
            ]
          }
        }
      },
      "Type": "AWS::EC2::Instance"
    }
  }
}
