{
  "appName": "vision-platform",
  "deployments": [
    {
      "type": "local",
      "name": "local",
      "contextName": "kind-kind",
      "registry": "435076512082.dkr.ecr.us-west-2.amazonaws.com/mevolve"
    },
    {
      "type": "eks",
      "name": "vpdev",
      "contextName": "CLI@vpdev.us-east-1.eksctl.io",
      "dashboardUrl": "dkxi0i2t9ievi.cloudfront.net\r\n",
      "apiUrl": "a888f36d092dc4ff58e25509269caf40-f0b8c301afd4d32d.elb.us-east-1.amazonaws.com"
    },
    {
      "type": "eks",
      "name": "vision-platform-vpprod",
      "contextName": "CLI@vision-platform-vpprod.us-east-1.eksctl.io",
      "dashboardUrl": "dpc8bw63i4u2y.cloudfront.net\r\n",
      "apiUrl": "ada4f88c8860c40df8253cbf089318de-ce72545472f9a857.elb.us-east-1.amazonaws.com"
    },
    {
      "type": "eks",
      "name": "vpprod",
      "contextName": "CLI@vpprod.us-east-1.eksctl.io",
      "dashboardUrl": "d2tr5npmrk2har.cloudfront.net\r\n",
      "apiUrl": "a8251ef9a54614c578798aea7f0f9971-cba484b4118e0b1d.elb.us-east-1.amazonaws.com"
    },
    {
      "type": "eks",
      "name": "new",
      "contextName": "Programmatic_Access@vision-platform-new.us-east-1.eksctl.io",
      "dashboardUrl": "http://d1uxelo5n0qv1a.cloudfront.net",
      "apiUrl": "http://a3e25ae371754479eae8255868ce0b05-7d5adcec3f2cd793.elb.us-east-1.amazonaws.com"
    }
  ],
  "services": [
    {
      "name": "users",
      "replicas": 1,
      "routePattern": "/users/*"
    },
    {
      "name": "files",
      "replicas": 1,
      "routePattern": "/files/*"
    },
    {
      "name": "iot",
      "replicas": 1,
      "routePattern": "/iot/*"
    },
    {
      "name": "socket",
      "replicas": 1,
      "routePattern": "/socket.io/*"
    }
  ],
  "registry": "739177214603.dkr.ecr.us-east-1.amazonaws.com/vision-platform-vpdev"
}
