{
  "RecipeFormatVersion": "2020-01-25",
  "ComponentName": "com.example.MyDockerComponent",
  "ComponentVersion": "1.0.1",
  "ComponentType": "aws.greengrass.generic",
  "ComponentDescription": "A component that runs a Docker container.",
  "ComponentPublisher": "Amazon",
  "Manifests": [
    {
      "Platform": {
        "os": "linux"
      },
      "Lifecycle": {
        "Install": {
          "Script": "docker load -i {artifacts:path}/bare-min.tar"
        },
        "Run": {
          "Script": "docker run --rm bare-min"
        }
      },
      "Artifacts": [
        {
          "Uri": "s3://scoe-greengrass-artifacts/bare-min.tar",
          "Digest": "qHeUmNCeDkpvW+YdyVdm7dOl389SIQKO7G0bN4kDcvw=",
          "Algorithm": "SHA-256",
          "Unarchive": "NONE",
          "Permission": {
            "Read": "OWNER",
            "Execute": "NONE"
          }
        }
      ]
    }
  ],
  "Lifecycle": {}
}
