{
  "Parameters": {
    "appName": {
      "Type": "String"
    }
  },
  "Resources": {
    "MyDBSubnetGroup" : {
      "Type" : "AWS::RDS::DBSubnetGroup",
      "Properties" : {
        "DBSubnetGroupDescription" : "Subnets available for the RDS DB Instance",
        "SubnetIds" : ["subnet-07853ec39287024b1","subnet-021a4dba9ca24c05d","subnet-0a20242e0d85717ab","subnet-0fb10ffbe5a7fe366"]
      }
    },
    "PostgresDB": {
      "Type": "AWS::RDS::DBInstance",
      "Properties": {
        "AllocatedStorage": "5",
        "DBInstanceClass": "db.t3.medium",
        "DBName": "vision_platform_new_postgres",
        "DBInstanceIdentifier": "visionplatformnewpostgres",
        "Engine": "postgres",
        "MasterUsername": "scoeuser",
        "MasterUserPassword": "1234abcd",
        "PubliclyAccessible": true,
        "MultiAZ": true,
        "DBSubnetGroupName" : { "Ref" : "MyDBSubnetGroup" },
        "VPCSecurityGroups" : ["sg-0e66b236bfca1d393","sg-045ec4ed261086071"]
      },
      "DeletionPolicy": "Snapshot"
    }
  },
  "Outputs" : {
    "DBEndpoint" : {
      "Description" : "The connection endpoint for the database",
      "Value" : {
        "Fn::GetAtt" : ["PostgresDB", "Endpoint.Address"]
      }
    }
  }
}
